NAME,M38U,PNG,DESCR,FEAT,SIMPLE
Ардха Бхуджангасана - Сфинкс,https://306db23b-28a8-4747-9e82-03c375b47fa8.selstorage.ru/asanas/%D0%90%D1%80%D0%B4%D1%85%D0%B0%20%D0%91%D1%85%D1%83%D0%B4%D0%B6%D0%B0%D0%BD%D0%B3%D0%B0%D1%81%D0%B0%D0%BD%D0%B0%20-%20%D0%A1%D1%84%D0%B8%D0%BD%D0%BA%D1%81/master.m3u8,https://306db23b-28a8-4747-9e82-03c375b47fa8.selstorage.ru/png/%D0%90%D1%80%D0%B4%D1%85%D0%B0%20%D0%91%D1%85%D1%83%D0%B4%D0%B6%D0%B0%D0%BD%D0%B3%D0%B0%D1%81%D0%B0%D0%BD%D0%B0%20-%20%D0%A1%D1%84%D0%B8%D0%BD%D0%BA%D1%81.png,"Лечь на пол на живот. Руки поставить на предплечья таким образом, чтобы угол между плечом и полом составлял примерно 45 градусов. Пальцы рук вытянуты вперёд, ладони обращены к полу. Шею «вытащить» из плеч. Аккуратно запрокинуть голову назад, немного растянув переднюю поверхность шеи. Глаза закрыты. Живот расслаблен, дыхание свободное. Расслабить мышцы спины вдоль позвоночника, ягодицы и обе ноги. Вес тела удерживается на плечевом поясе, усилие умеренное. Время выдержки по ощущениям, но не более 2-х минут. Далее лечь на живот и расслабиться, вытянув одну руку вперёд и развернув лицо в сторону вытянутой руки. Время расслабления должно быть достаточным для снятия остаточных ощущений от выдержки асаны. Далее переходить к следующей асане.","Отслеживать, чтобы усилие – напряжение с области плечевого пояса не передавалось на спину, ягодицы и ноги.","Если в позвоночнике появляется дискомфорт, то степень прогиба назад позвоночника необходимо уменьшить, выдвинув руки немного вперёд."
Ардха Матсиендрасана,https://306db23b-28a8-4747-9e82-03c375b47fa8.selstorage.ru/asanas/%D0%90%D1%80%D0%B4%D1%85%D0%B0%20%D0%9C%D0%B0%D1%82%D1%81%D0%B8%D0%B5%D0%BD%D0%B4%D1%80%D0%B0%D1%81%D0%B0%D0%BD%D0%B0/master.m3u8,https://306db23b-28a8-4747-9e82-03c375b47fa8.selstorage.ru/png/%D0%90%D1%80%D0%B4%D1%85%D0%B0%20%D0%9C%D0%B0%D1%82%D1%81%D0%B8%D0%B5%D0%BD%D0%B4%D1%80%D0%B0%D1%81%D0%B0%D0%BD%D0%B0.png,"Сесть на пол, выпрямив ноги перед собой. Левую ногу согнуть в колене и заступить стопой за правое бедро, поставив стопу на пол справа от бедра. Чуть качнув корпус вправо, согнуть правую ногу в колене, правое бедро на полу, правая пятка подтягивается к левой ягодице. Выпрямить корпус. Далее, из этого положения поворачиваем плечи относительно таза влево, левое плечо идёт назад. Левая рука упирается в пол сзади-слева. Голова также доворачивается влево, лицо обращено назад. Одновременно с поворотом корпуса, захватываем правой рукой (локтевым сгибом) левое колено. Остаёмся в этом положении комфортное время, но не более 3 – 3.5 минут. Максимально расслабляем все мышцы, не участвующие в поддержании асаны: ноги, живом, мышцы лица, глаза, дыхание. Минимизируем усилия тех мышц, которые так или иначе задействованы в асане. После выдержки выходим из асаны и выполняем в другую сторону асану (вправо), меняя взаимное положение частей тела.","Эта асана считается одной из лучших поз в йоге на скручивание. Во время скручивания не давить силой на форму асаны, стараясь скрутиться как можно больше. Принимая конечную форму, нужно повернуть плечи до возникновения сопротивления в теле и остаться в этом положении. В конечном положении, расслабляя тело, можно почувствовать со временем некий свободный люфт, который без труда можно «выбрать», докрутив без усилий корпус, тем самым спонтанно увеличив гибкость в асане.","Если возникает трудность с подтягиванием пятки к ягодице (после того, как вы противоположной ногой зашагнули за бедро), то можно выполнять эту асану без этого элемента, просто зашагнув стопой за бедро противоположной ноги и скрутив корпус.

 

"
Ардха Навасана,https://306db23b-28a8-4747-9e82-03c375b47fa8.selstorage.ru/asanas/%D0%90%D1%80%D0%B4%D1%85%D0%B0%20%D0%9D%D0%B0%D0%B2%D0%B0%D1%81%D0%B0%D0%BD%D0%B0/master.m3u8,https://306db23b-28a8-4747-9e82-03c375b47fa8.selstorage.ru/png/%D0%90%D1%80%D0%B4%D1%85%D0%B0%20%D0%9D%D0%B0%D0%B2%D0%B0%D1%81%D0%B0%D0%BD%D0%B0.png,"Лечь на пол на спину. Согнуть ноги в коленях и поставить ступни на пол. Руки сложить на животе. Приподнять туловище и голову над полом, ссутулив, «скруглив» спину. Подбородок прижат к ярёмной впадине. Глаза закрыты. Расслабить лицо. Расслабить по возможности дыхание. Мышцы живота умеренно напряжены. Держать асану по ощущениям. Далее лечь на спину и расслабиться. Время расслабления должно быть достаточным для снятия остаточных ощущений от выдержки асаны. Далее переходить к следующей асане.",Напряжение мышц живота должно находиться в умеренной зоне и быть относительно комфортным. ,Можно уменьшить напряжение в асане за счёт уменьшения уровня подъёма корпуса над полом. 
Ардха Падма Пасчимоттанасана,https://306db23b-28a8-4747-9e82-03c375b47fa8.selstorage.ru/asanas/%D0%90%D1%80%D0%B4%D1%85%D0%B0%20%D0%9F%D0%B0%D0%B4%D0%BC%D0%B0%20%D0%9F%D0%B0%D1%81%D1%87%D0%B8%D0%BC%D0%BE%D1%82%D1%82%D0%B0%D0%BD%D0%B0%D1%81%D0%B0%D0%BD%D0%B0/master.m3u8,https://306db23b-28a8-4747-9e82-03c375b47fa8.selstorage.ru/png/%D0%90%D1%80%D0%B4%D1%85%D0%B0%20%D0%9F%D0%B0%D0%B4%D0%BC%D0%B0%20%D0%9F%D0%B0%D1%81%D1%87%D0%B8%D0%BC%D0%BE%D1%82%D1%82%D0%B0%D0%BD%D0%B0%D1%81%D0%B0%D0%BD%D0%B0.png,"Сесть, выпрямив ноги перед собой. Правую ногу согнуть в колене и подтянуть пятку к промежности. Затем положить правую стопу на бедро левой ноги (как при выполнении Ардха Падмасаны). Развернуть корпус перпендикулярно выпрямленной вперёд левой ноги и начать наклон корпуса к ноге. Во время наклона допускается подсгибать в колене левую ногу. Спина может немного скругляться. При правильном выполнении живот опускается на бедро левой ноги, на котором также лежит правая стопа, а голова уходит к лодыжке. Над коленом левой ноги оказывается плечо и грудная клетка. Руками захватываем пальцы ноги, либо обхватываем стопу пальцами рук, сложенными в пальцевой замок, либо захватываем лодыжку. По мере выдержки асаны расслабляем, прежде всего, подколенную область и заднюю поверхность бедра выпрямленной ноги (в данном случае левой), и правую ногу (лодыжку, колено, бедро), при этом корпус может ощутимо проседать вниз, и глубина асаны тем самым будет спонтанно увеличиваться. В конечной фазе асаны, когда глубина полностью выбрана и прекратилось спонтанное движение тела по форме, максимально расслабиться, отпустить глаза в глубине и созерцать естественное дыхание. Время выдержки по ощущениям, но не более 3-х минут. Затем выходим и асаны, выпрямляя корпус и правую ногу, и выполняем асану, меняя взаимное положение ног.","Основным моментом в выполнении наклона корпуса вперед является складывание пополам в тазобедренном суставе так, чтобы происходило давление бедра на брюшную область, при этом колено выпрямленной ноги может немного сгибаться. Вовсе не обязательно держать ногу идеально выпрямленной. С другой стороны, при наклоне, по возможности, сохранять позвоночник в выпрямленном или слегка подсогнутом (но не сильно) положении, чтобы осуществлялось вытягивание спины и снятье компрессионного воздействия на позвоночник. Быть предельно внимательным в отношении силы воздействия (ощущений) в области коленей во время выполнения!","Если стопа не ложится на бедро противоположной ноги, то можно выполнять из исходного положения как в Джану Ширшасане, но подложить сложенное одеяло под стопу согнутой ноги, тем самым приближаясь к выполнению оригинального варианта этой асаны.

"
Ардха Падмасана,https://306db23b-28a8-4747-9e82-03c375b47fa8.selstorage.ru/asanas/%D0%90%D1%80%D0%B4%D1%85%D0%B0%20%D0%9F%D0%B0%D0%B4%D0%BC%D0%B0%D1%81%D0%B0%D0%BD%D0%B0%20(1)/master.m3u8,https://306db23b-28a8-4747-9e82-03c375b47fa8.selstorage.ru/png/%D0%90%D1%80%D0%B4%D1%85%D0%B0%20%D0%9F%D0%B0%D0%B4%D0%BC%D0%B0%D1%81%D0%B0%D0%BD%D0%B0.png,"Сесть на пол и вытянуть ноги перед собой, немного разведя их в стороны. Сгибая левую ногу в колене, подвести пятку к промежности и положить стопу на правое бедро. Колено левой ноги обращено влево, бедро в горизонтальной плоскости. Далее, правую ногу согнуть в колене и убрать под левую, при этом стопа правой ноги окажется под бедром левой ноги.  Руки сложить на бёдра или колени в наиболее комфортном виде (ладонями вверх или вниз) Корпус вертикально, шея прямая, макушка «смотрит» вверх. Закрыть глаза и полностью расслабиться. Время выдержки по ощущениям, но на начальных этапах освоения будет достаточно 2 – 3 минут на каждую ногу. Далее, выпрямить ноги, снять напряжение и поменять ноги местами, вновь выполнить асану. 

","Это медитативная асана, поэтому очень важно научиться в ней максимально расслабляться, и оставаться в комфортном положении длительное время. 
","если в ногах возникает дискомфорт при попытке их сложить в Ардха Падмасану, то можно просто скрестить ноги «по-турецки» и расслабиться. Также можно откинуться спиной на стену.
 "
Ардха Халасана,https://306db23b-28a8-4747-9e82-03c375b47fa8.selstorage.ru/asanas/%D0%90%D1%80%D0%B4%D1%85%D0%B0%20%D0%A5%D0%B0%D0%BB%D0%B0%D1%81%D0%B0%D0%BD%D0%B0/master.m3u8,https://306db23b-28a8-4747-9e82-03c375b47fa8.selstorage.ru/png/%D0%90%D1%80%D0%B4%D1%85%D0%B0%20%D0%A5%D0%B0%D0%BB%D0%B0%D1%81%D0%B0%D0%BD%D0%B0.png,"Лечь на спину таким образом, чтобы закинуть ноги на стенку, пододвинув вплотную к стене ягодицы. Корпус лежит на полу под прямым углом к стене. Ноги закинуты на стену примерно под тем же углом. Руки выпрямлены за головой и сцеплены в пальцевый замок, а затем – расслаблены. Глаза закрыты. Расслабить ноги (при этом они могут быть слегка согнуты в коленях) и плечевой пояс. Время выдержки по ощущениям, но не более пяти минут. Выйти из асаны и расслабиться. 

","Необходимо минимизировать усилия в ногах, для получения эффекта от асаны.

","если при придвинутых к стене ягодицах возникает сильное ощущение натяжения в задней поверхности ног, то следует немного отодвинуть таз от стены, тем самым, снизив интенсивность ощущений. "
Ардха Чандрасана,https://306db23b-28a8-4747-9e82-03c375b47fa8.selstorage.ru/asanas/%D0%90%D1%80%D0%B4%D1%85%D0%B0%20%D0%A7%D0%B0%D0%BD%D0%B4%D1%80%D0%B0%D1%81%D0%B0%D0%BD%D0%B0/master.m3u8,https://306db23b-28a8-4747-9e82-03c375b47fa8.selstorage.ru/png/%D0%90%D1%80%D0%B4%D1%85%D0%B0%20%D0%A7%D0%B0%D0%BD%D0%B4%D1%80%D0%B0%D1%81%D0%B0%D0%BD%D0%B0.png,"Стопу левой ноги разворачиваем на 90 градусов влево и, перенося вес тела на левую ногу, наклоняемся влево, поднимая правую ногу над полом. Левую руку ставим в упор на пол, правая рука поднимается вверх вертикально. Лицо обращено вверх. Шея – продолжение линии позвоночника. Вес тела в основном на опорной левой ноге. Живот расслаблен, дыхание свободное. Время выдержки по ощущениям. Далее выйти из асаны в обратной последовательности и расслабиться необходимое для снятия напряжения время. Затем сделать асану в правую сторону. 

",,"Выполнять менее глубокий наклон, ставя опорную руку на «кирпич» – пропс. Выпрямленную вверх руку, если это положение вызывает дискомфорт, можно опускать вниз.

"
Бакасана,https://306db23b-28a8-4747-9e82-03c375b47fa8.selstorage.ru/asanas/%D0%91%D0%B0%D0%BA%D0%B0%D1%81%D0%B0%D0%BD%D0%B0/master.m3u8,https://306db23b-28a8-4747-9e82-03c375b47fa8.selstorage.ru/png/%D0%91%D0%B0%D0%BA%D0%B0%D1%81%D0%B0%D0%BD%D0%B0.png,"Сесть на корточки. Приподняться на носках. Сгибая корпус вперёд, упереться руками в пол перед собой. Руки стоят немного шире плеч. Упритесь ногами в области чуть ниже колен во внешнюю область плеч (область руки от плеча до локтя). Медленно качнитесь вперёд, перенося весь вес тела на руки, оторвите ноги от пола и балансируйте на руках. В конечном положении расслабьте лицо и дыхание. Время выдержки по ощущениям. После выдержки асаны перейти в положение «сидя на пятках» и расслабиться.","Эта асана с явно выраженным силовым компонентом. Также в ней присутствует элемент равновесия. Во время выполнения стараться снимать лишнее усилие, оставляя только необходимый минимум для поддержания формы асаны. Таким образом, напряжение будет минимально представлено в восприятии, что позволит сохранять общее состояние покоя. По мере совершенствования этой асаны, она все более будет переходить из разряда «силовых» в категорию «асаны на равновесие». На первых этапах освоения в целях безопасности перед лицом можно положить мягкую подушку.",",Эту асану можно вначале осваивать перед стеной, слегка упираясь головой в стену и облегчая тем самым нахождение «точки равновесия»."
Бхуджангасана,https://306db23b-28a8-4747-9e82-03c375b47fa8.selstorage.ru/asanas/%D0%91%D1%85%D1%83%D0%B4%D0%B6%D0%B0%D0%BD%D0%B3%D0%B0%D1%81%D0%B0%D0%BD%D0%B0/master.m3u8,https://306db23b-28a8-4747-9e82-03c375b47fa8.selstorage.ru/png/%D0%91%D1%85%D1%83%D0%B4%D0%B6%D0%B0%D0%BD%D0%B3%D0%B0%D1%81%D0%B0%D0%BD%D0%B0.png,"Лечь на пол на живот. Поставить руки перед собой ладонями на пол на уровне плеч, но немного шире плеч, развернув их пальцами друг к другу. Ноги остаются на ширине плеч. Медленно прогибаемся назад за счёт разгибания рук, очень внимательно отслеживая ощущения в спине, особенно в пояснице. Как только едва появляется ощущение в области спины, тут же прогиб останавливаем и удерживаем асану комфортное время. В конечном положении голову аккуратно запрокинуть назад. Вес тела удерживается на руках и плечевом поясе, все остальные мышцы расслабить: ноги, ягодицы, живот, мышцы спины вдоль позвоночника. Дыхание свободное. Время выдержки по ощущениям. Как только ощущения начинают усиливаться, либо нарастать работа мышц, следует выйти из асаны и расслабиться,  вытянув одну руку вперёд и развернув лицо в сторону вытянутой руки. Время расслабления должно быть достаточным для снятия остаточных ощущений от выдержки асаны. Далее переходить к следующей асане.","Очень внимательно отслеживать ощущения в спине, не допуская явных и, тем более, болевых. Следить, чтобы напряжение с области рук не передавалось на спину.

","Более простой вариант этой асаны называется Ардха Бхуджангасана (см. каталог). С межпозвонковыми грыжами и иными нарушениями позвоночника эту асану необходимо заменить на упрощённый  вариант (Ардха Бхуджангасана)
"
Вирабхадрасана 1,https://306db23b-28a8-4747-9e82-03c375b47fa8.selstorage.ru/asanas/%D0%92%D0%B8%D1%80%D0%B0%D0%B1%D1%85%D0%B0%D0%B4%D1%80%D0%B0%D1%81%D0%B0%D0%BD%D0%B0%201/master.m3u8,https://306db23b-28a8-4747-9e82-03c375b47fa8.selstorage.ru/png/%D0%92%D0%B8%D1%80%D0%B0%D0%B1%D1%85%D0%B0%D0%B4%D1%80%D0%B0%D1%81%D0%B0%D0%BD%D0%B0%201.png,"Поворачиваем стопу  левой  ноги на 90 градусов влево, а правую стопу доворачиваем влево примерно на 45 – 60 градусов. Сгибаем левую ногу в колене так, чтобы колено было над пяткой левой ноги,  глубину асаны подбираем согласно ощущениям. Руки разводим в стороны до горизонтального уровня, голова развёрнута влево. Живот расслаблен, дыхание свободное. Время выдержки асаны по ощущениям. После выдержки выйти из асаны и расслабиться необходимое время. Все остаточные ощущения должны быть сняты. Затем делаем асану вправо.

",,
Вирабхадрасана 2,https://306db23b-28a8-4747-9e82-03c375b47fa8.selstorage.ru/asanas/%D0%92%D0%B8%D1%80%D0%B0%D0%B1%D1%85%D0%B0%D0%B4%D1%80%D0%B0%D1%81%D0%B0%D0%BD%D0%B0%202/master.m3u8,https://306db23b-28a8-4747-9e82-03c375b47fa8.selstorage.ru/png/%D0%92%D0%B8%D1%80%D0%B0%D0%B1%D1%85%D0%B0%D0%B4%D1%80%D0%B0%D1%81%D0%B0%D0%BD%D0%B0%202.png,"Поворачиваем стопу  левой  ноги на 90 градусов влево, а правую стопу доворачиваем влево примерно на 45 – 60 градусов. Разворачиваем корпус перпендикулярно линии ног. Скибая левое колено так, чтобы оно оказалось над пяткой левой ноги, поднимаем руки вверх, соединяя ладони и, немного прогибаясь назад в грудном отделе позвоночника, запрокибываем назад голову. Передняя поверхность шеи немного растянута. Живот расслаблен, дыхание свободное. Время выдержки асаны по ощущениям. После выходим из асаны в обратной последовательности и стоим, расслабляемся. Во время расслабления все остаточные ощущения от предыдущей асаны должны уйти. Далее выполняем асану вправо. 

","Эту асану можно также выполнять у стены, немного соприкасаясь рукой со стеной, что даст возможность не держать равновесие, а всё внимание уделить на минимизацию усилий.  Время выдержки асаны по ощущениям. Далее расслабиться необходимое для снятия остаточного напряжения время.]","Уменьшать степень выпада впереди стоящей ноги, тем самым снижая нагрузку на ноги. Уменьшать степень прогиба позвоночника и запрокидывания головы. "
Вирабхадрасана 3,https://306db23b-28a8-4747-9e82-03c375b47fa8.selstorage.ru/asanas/%D0%92%D0%B8%D1%80%D0%B0%D0%B1%D1%85%D0%B0%D0%B4%D1%80%D0%B0%D1%81%D0%B0%D0%BD%D0%B0%203/master.m3u8,https://306db23b-28a8-4747-9e82-03c375b47fa8.selstorage.ru/png/%D0%92%D0%B8%D1%80%D0%B0%D0%B1%D1%85%D0%B0%D0%B4%D1%80%D0%B0%D1%81%D0%B0%D0%BD%D0%B0%203.png,"Исходное положение стоя, ноги на ширине плеч. Разверните левую стопу влево на 90 градусов. Поверните корпус влево также на 90 градусов. Сложите руки над головой, выпрямив их вверх, ладони соединены. Перенося вес тела на левую ногу, поднимите правую ногу над полом и, наклоняя корпус вперёд, вытяните сложенные в ладонях руки перед собой. Лицо обращено вперёд (не в пол). В конечном положении руки, корпус и поднятая правая нога составляют прямую линию. Со временем будет получаться делать наклон практически параллельно полу. Удерживать баланс, расслабляя лицо, живот и дыхание. Время выдержки по ощущениям. Затем выйти из асаны и расслабиться стоя. Повторить ту же последовательность вправо.","Эта асана из разряда «стоячих на равновесие». Специфика освоения заключается в том, что на начальном этапе глаза лучше держать открытыми и зафиксированными на любой точке. В таком случае легче будет поймать и удерживать равновесие. По мере освоения можно будет пробовать закрывать глаза и выполнять асану в таком виде.","Первое время можно выполнять эту асану, прислонившись одним боком к стене.

"
Вирасана,https://306db23b-28a8-4747-9e82-03c375b47fa8.selstorage.ru/asanas/%D0%92%D0%B8%D1%80%D0%B0%D1%81%D0%B0%D0%BD%D0%B0/master.m3u8,https://306db23b-28a8-4747-9e82-03c375b47fa8.selstorage.ru/png/%D0%92%D0%B8%D1%80%D0%B0%D1%81%D0%B0%D0%BD%D0%B0.png,"Опускаемся на пол, садясь ягодицами на поверхность пола так, что ноги, согнутые в коленях оказываются по обе стороны от таза, ступни развёрнуты вверх, спина прямая. Руки свободно опускаем на бёдра. Глаза закрыты. Голова удерживается вертикально. Мышцы расслаблены.  Время выдержки по ощущениям, но более 3 – 4 минут держать не целесообразно. 

","По мере расслабления мышц ног ощущения в них должны уменьшаться, «таять» - это правильный ход событий.  Если ощущения по мере выдержки усиливаются, то надо упростить асану. Если у вас варикоз, то асану держать в пределах минуты - полторы, не более! 

","Сесть на пол, подложив под ягодицы свёрнутое одеяло, плед или «кирпичик» - пропс, тем самым уйдя от явных ощущений в ногах. Если сильные ощущения также появляются в подъёмах стоп, то надо свернуть одеяло и подложить его под эти участки тела. Это значительно снизит интенсивность нагрузки, переведя ощущения в разряд умеренных.
"
Джану Ширшасана,https://306db23b-28a8-4747-9e82-03c375b47fa8.selstorage.ru/asanas/%D0%94%D0%B6%D0%B0%D0%BD%D1%83%20%D0%A8%D0%B8%D1%80%D1%88%D0%B0%D1%81%D0%B0%D0%BD%D0%B0/master.m3u8,https://306db23b-28a8-4747-9e82-03c375b47fa8.selstorage.ru/png/%D0%94%D0%B6%D0%B0%D0%BD%D1%83%20%D0%A8%D0%B8%D1%80%D1%88%D0%B0%D1%81%D0%B0%D0%BD%D0%B0.png,"Сесть, выпрямив ноги перед собой. Правую ногу согнуть в колене и подтянуть пятку к промежности. Бедро правой ноги покоится на полу. Угол между бёдрами примерно 90 градусов. Развернуть корпус перпендикулярно выпрямленной вперёд левой ноги и начать наклон корпуса к ноге. Во время наклона допускается подсгибать в колене левую ногу. Спина может немного скругляться. При правильном выполнении живот ложится на бедро левой ноги, а голова уходит к лодыжке. Над коленом левой ноги оказывается плечо и грудная клетка. Руками захватываем пальцы ноги, либо обхватываем стопу пальцами рук, сложенными в пальцевой замок, либо захватываем лодыжку. По мере выдержки асаны расслабляем, прежде всего, подколенную область и заднюю поверхность бедра выпрямленной ноги (в данном случае левой), при этом корпус может ощутимо проседать вниз, и глубина асаны тем самым будет спонтанно увеличиваться. В конечной фазе асаны, когда глубина полностью выбрана и прекратилось спонтанное движение тела по форме, максимально расслабиться, отпустить глаза в глубине и созерцать естественное дыхание. Время выдержки по ощущениям, но не более 3 – 3.5 минут. Затем выходим и асаны, выпрямляя корпус и правую ногу, и выполняем асану, меняя взаимное положение ног.","Основным моментом в выполнении наклона корпуса вперед является складывание пополам в тазобедренном суставе так, чтобы происходило давление бедра на брюшную область, при этом колено выпрямленной ноги может немного сгибаться. Вовсе не обязательно держать ногу идеально выпрямленной. С другой стороны, при наклоне, по возможности, сохранять позвоночник в выпрямленном или слегка подсогнутом (но не сильно) положении, чтобы осуществлялось вытягивание спины и снятье компрессионного воздействия на позвоночник.","Возможно подсгибать выпрямленную ногу и использовать ремешок для захвата стопы (если пальцы рук не достают)

 "
Джатхара Паривартанасана,https://306db23b-28a8-4747-9e82-03c375b47fa8.selstorage.ru/asanas/%D0%94%D0%B6%D0%B0%D1%82%D1%85%D0%B0%D1%80%D0%B0%20%D0%9F%D0%B0%D1%80%D0%B8%D0%B2%D0%B0%D1%80%D1%82%D0%B0%D0%BD%D0%B0%D1%81%D0%B0%D0%BD%D0%B0/master.m3u8,https://306db23b-28a8-4747-9e82-03c375b47fa8.selstorage.ru/png/%D0%94%D0%B6%D0%B0%D0%BD%D1%83%20%D0%A8%D0%B8%D1%80%D1%88%D0%B0%D1%81%D0%B0%D0%BD%D0%B0.png,"Лечь на пол на спину. Развести руки в стороны, развернув их ладонями вверх. Сгибаем ноги в коленях и подтягиваем бёдра к животу. Затем медленно опускаем обе ноги, согнутые в коленях на пол в левую сторону. Голова разворачивается вправо. Глаза закрыты. Последовательно расслабляем все мышцы. Дыхание расслаблено. Время выдержки по ощущениям, но более трёх минут держать эту асану не целесообразно. Далее выйти из асаны в обратной последовательности и перейти в Шавасану, расслабиться пару минут и приступить к выполнению асаны в правую сторону. 

","По мере расслабления в асане, тело может «растекаясь» спонтанно углубляться по форме, увеличивая угол скручивания.

При возникновении сильных ощущений во время скручивания корпуса, опускании ног на пол, можно подложить под ноги подушку, тем самым уменьшив угол скручивания и добиваясь кмеренных ощущений и комфорта в асане.

",
Дханурасана,https://306db23b-28a8-4747-9e82-03c375b47fa8.selstorage.ru/asanas/%D0%94%D1%85%D0%B0%D0%BD%D1%83%D1%80%D0%B0%D1%81%D0%B0%D0%BD%D0%B0/master.m3u8,https://306db23b-28a8-4747-9e82-03c375b47fa8.selstorage.ru/png/%D0%94%D1%85%D0%B0%D0%BD%D1%83%D1%80%D0%B0%D1%81%D0%B0%D0%BD%D0%B0.png,"Лечь на живот, выпрямив ноги, руки выпрямить вдоль туловища. Подбородок поставить на пол. Согнуть ноги в коленях и захватить лодыжки руками. На некоторое время остаться в этом положении, дав возможность телу адаптироваться к этой позе, максимально всё расслабить. Далее, удерживая захват ног руками, выпрямляем ноги назад-вверх и прогибаемся в спине назад. Прогиб осуществляется в основном за счёт разгибания ног («натягиваем тетиву» - отсюда и название - «поза лука»), но также в небольшой степени включаются и мышцы спины. В конечном положении запрокидываем голову назад, растягивая переднюю поверхность шеи. Удерживаем асану комфортное время. В конечном положении расслабляем живот, лицо и дыхание. Минимизируем усилия. После выдержки ложимся на живот и переходим в исходное положение.]","Эта асна является некой квинтэссенцией Бхуджангасаны (позы кобры) и Шалабхасаны (позы саранчи), и ей присущи эффекты, характерные для этих обеих асан. В конечном положении не перегибаться сильно в пояснице, стараясь прогнуться как можно глубже, это весьма травмоопасно. Выполнять эту асану следует в пол силы, не доводя до крайней степени прогиб.

Упрощение асаны: Если трудно захватить лодыжки ног, то можно выполнять эту асану, захватив руками подъёмы стоп. Также упрощение","Если трудно захватить лодыжки ног, то можно выполнять эту асану, захватив руками подъёмы стоп. Также упрощение достигается за счёт меньшего угла прогиба назад.

 "
Йога Мудра Асана,https://306db23b-28a8-4747-9e82-03c375b47fa8.selstorage.ru/asanas/%D0%98%CC%86%D0%BE%D0%B3%D0%B0%20%D0%9C%D1%83%D0%B4%D1%80%D0%B0%20%D0%90%D1%81%D0%B0%D0%BD%D0%B0/master.m3u8,https://306db23b-28a8-4747-9e82-03c375b47fa8.selstorage.ru/png/%D0%98%CC%86%D0%BE%D0%B3%D0%B0%20%D0%9C%D1%83%D0%B4%D1%80%D0%B0%20%D0%90%D1%81%D0%B0%D0%BD%D0%B0.png,"Сесть на пол в Ардха Паммасану. Из этого положения начать наклон вперёд к полу. Спина при наклоне может несколько скругляться. Руки на начальном этапе расслабления могут упираться в пол перед собой, тем самым можно осуществлять дозировку воздействия асаны на тело, - глубину наклона. Находиться в асане по ощущениям. По мере расслабления корпус может несколько «проседать», увеличивая наклон. После выдержки асаны выпрямить спину, выпрямить ноги перед собой и, поменяв взаимное положение ног, сделать ещё раз эту асану.","По мере освоения асаны и лёгкости выполнения, руки можно складывать за спиной в кистевой замок и выполнять наклон в таком положении. Быть предельно внимательным в отношении силы воздействия (ощущений) в области коленей во время выполнения!","Если положение Ардха Падмасаны вызывает затруднения, то исходное положение можно принимать, садясь в Сукхасану («по-турецки» со скрещенными ногами)"
Макарасана,https://306db23b-28a8-4747-9e82-03c375b47fa8.selstorage.ru/asanas/%D0%9C%D0%B0%D0%BA%D0%B0%D1%80%D0%B0%D1%81%D0%B0%D0%BD%D0%B0/master.m3u8,https://306db23b-28a8-4747-9e82-03c375b47fa8.selstorage.ru/png/%D0%9C%D0%B0%D0%BA%D0%B0%D1%80%D0%B0%D1%81%D0%B0%D0%BD%D0%B0.png,"Лечь на пол на живот. Локти поставить на пол перед собой, а подбородок на ладони рук. Предплечья стоят вертикально. Локти выдвинуть вперёд настолько, чтобы это не вызывало дискомфорта в шейном и грудном отделе позвоночника. Глаза закрыты. Дыхание естественное. Расслабить всё тело. Время выдержки по ощущениям, но не более 2-х минут. Далее лечь на живот и расслабиться, вытянув одну руку вперёд и развернув лицо в сторону вытянутой руки. Время расслабления должно быть достаточным для снятия остаточных ощущений от выдержки асаны. Далее переходить к следующей асане. 

","В более «продвинутой» версии этой асаны подбородок можно ставить не на ладони рук, а на кулаки.

","Если в позвоночнике появляется дискомфорт, то степень прогиба назад позвоночника необходимо уменьшить, разведя на необходимое расстояние локти между собой.

"
Маричиасана,https://306db23b-28a8-4747-9e82-03c375b47fa8.selstorage.ru/asanas/%D0%9C%D0%B0%D1%80%D0%B8%D1%87%D0%B8%D0%B0%D1%81%D0%B0%D0%BD%D0%B0/master.m3u8,https://306db23b-28a8-4747-9e82-03c375b47fa8.selstorage.ru/png/%D0%9C%D0%B0%D1%80%D0%B8%D1%87%D0%B8%D0%B0%D1%81%D0%B0%D0%BD%D0%B0.png,"Сесть на пол, ноги выпрямить перед собой. Согнуть левую ногу в колене, подтянув пятку к ягодице, колено при этом смотрит вверх. Далее, совершая скручивание корпуса влево, захватываем локтевым сгибом правой руки левое колено. Левую руку ставим в упор в пол сзади. Доворачиваем голову влево. Глаза закрыты. Дыхание свободное. Время выдержки по ощущениям, но в пределах 2 – 3 минут. Далее выходим из асаны и выполняем её в противоположную сторону. 

","Во время входа в асану и скручивания корпуса, поворота головы, не давим на форму, а просто выбираем свободный ход и остаёмся в конечном положении асаны. По мере расслабления тела, угол поворота может немного увеличиваться.

","Если не получается захватить колено локтевым сгибом, то можно сделать захват колена пальцами руки.

"
Матсиасана,https://306db23b-28a8-4747-9e82-03c375b47fa8.selstorage.ru/asanas/%D0%9C%D0%B0%D1%82%D1%81%D0%B8%D0%B0%D1%81%D0%B0%D0%BD%D0%B0/master.m3u8,https://306db23b-28a8-4747-9e82-03c375b47fa8.selstorage.ru/png/%D0%9C%D0%B0%D1%82%D1%81%D0%B8%D0%B0%D1%81%D0%B0%D0%BD%D0%B0.png,"Лечь на спину. Лежа на спине скрестить ноги доступным способом (Падмасана, Ардха Падмасана, Сукхасана). Руками обхватить заднюю поверхность бёдер. Упереться локтями в пол и, отталкиваясь ими от пола, прогнуться назад, выводя грудную клетку вверх и запрокидывая голову назад. Ноги, ягодицы и голова находятся на полу. Распределить нагрузку между руками и шеей. Расслабить живот, лицо и дыхание. Минимизировать усилия. Оставаться в асане комфортное время. Затем выйти из асаны и расслабиться.","Поскольку в этой асане достаточно сильно задействован шейный отдел, то при выполнении надо быть особенно внимательным к этой области.","Если скрещивание ног доставляет явные неудобства, то эту асану можно выполнять с выпрямленными ногами.

 "
Паривритта Парсваконасана,https://306db23b-28a8-4747-9e82-03c375b47fa8.selstorage.ru/asanas/%D0%9F%D0%B0%D1%80%D0%B8%D0%B2%D1%80%D0%B8%D1%82%D1%82%D0%B0%20%D0%9F%D0%B0%D1%80%D1%81%D0%B2%D0%B0%D0%BA%D0%BE%D0%BD%D0%B0%D1%81%D0%B0%D0%BD%D0%B0/master.m3u8,https://306db23b-28a8-4747-9e82-03c375b47fa8.selstorage.ru/png/%D0%9F%D0%B0%D1%80%D0%B8%D0%B2%D1%80%D0%B8%D1%82%D1%82%D0%B0%20%D0%9F%D0%B0%D1%80%D1%81%D0%B2%D0%B0%D0%BA%D0%BE%D0%BD%D0%B0%D1%81%D0%B0%D0%BD%D0%B0.png,"Вход в асану. Поворачиваем стопу  левой  ноги на 90 градусов влево, а правую стопу доворачиваем влево примерно на 45 – 60 градусов. Сгибаем левую ногу в колене примерно на 90 градусов и наклоняем корпус к левой ноге, скручивая его и ставя правую руку в упор на пол с внутренней стороны от ноги. Левую руку выпрямляем в сторону вверх, она является продолжением линии нога – корпус. Голова развёрнута вверх в сторону левого плеча. Дыхание расслаблено. Вес тела распределён удобно между опорной рукой и впереди стоящей ногой. Время выдержки по ощущениям. После выдержки выйти из асаны и расслабиться необходимое для снятия напряжения от предыдущей асаны время.

","Выполнять лучше у стены, стоя спиной к стене в исходном положении. Во время наклона, скручивая корпус, уходить грудной клеткой к стене и опираться на неё левой рукой, ладонью.

","Во время выполнения сгибать сзади стоящую ногу так, чтобы колено опускалось на пол. В качестве опоры под руку использовать пропс-подставку (кирпичик), руку, вытянутую вверх, если это положение вызывает дискомфорт, можно убрать за спину и расслабить плечо. 
"
Паривритта Триконасана,https://306db23b-28a8-4747-9e82-03c375b47fa8.selstorage.ru/asanas/%D0%9F%D0%B0%D1%80%D0%B8%D0%B2%D1%80%D0%B8%D1%82%D1%82%D0%B0%20%D0%A2%D1%80%D0%B8%D0%BA%D0%BE%D0%BD%D0%B0%D1%81%D0%B0%D0%BD%D0%B0/master.m3u8,https://306db23b-28a8-4747-9e82-03c375b47fa8.selstorage.ru/png/%D0%9F%D0%B0%D1%80%D0%B8%D0%B2%D1%80%D0%B8%D1%82%D1%82%D0%B0%20%D0%A2%D1%80%D0%B8%D0%BA%D0%BE%D0%BD%D0%B0%D1%81%D0%B0%D0%BD%D0%B0.png,"Асана выполняется стоя.
Стоя, развести ноги на ширину примерно две ширины плеч. Пятки стоят на одной линии.
Вход в асану. Поворачиваем стопу  левой  ноги на 90 градусов влево, а правую стопу доворачиваем влево примерно на 45 – 60 градусов. Далее наклоняемся к левой ноге, скручивая при этом корпус и скользя правой рукой по левой ноге. Наклоняемся до начала возникновения ощущения натяжения в левой ноге либо ощущения натяжения в левом боку, пояснице. Левая рука вытягивается вверх. Лицо обращено вверх в сторону левой руки. Шея – продолжение линии позвоночника.
Выдержка асаны по ощущениям согласно технологии. После выполнения выйти из асаны в обратной последовательности и расслабиться стоя, ноги на ширине плеч. Время расслабления между выполнением асаны в левую и в правую сторону должно быть таким, чтобы стёрлись все ощущения от предыдущей асаны и уравновесилось дыхание. Далее выполнить в правую сторону.

","Выполнять лучВо время выполнения подсгибать ногу, к которой идёт наклон, в качестве опоры под руку использовать пропс-подставку (кирпичик), руку, вытянутую вверх, если это положение вызывает дискомфорт, можно убрать за спину и расслабить плечо. 
 ше у стены, стоя спиной к стене в исходном положении. Во время наклона, скручивая корпус, уходить грудной клеткой к стене и опираться на неё левой рукой, ладонью.

","Во время выполнения подсгибать ногу, к которой идёт наклон, в качестве опоры под руку использовать пропс-подставку (кирпичик), руку, вытянутую вверх, если это положение вызывает дискомфорт, можно убрать за спину и расслабить плечо. "
Паригхасана,https://306db23b-28a8-4747-9e82-03c375b47fa8.selstorage.ru/asanas/%D0%9F%D0%B0%D1%80%D0%B8%D0%B3%D1%85%D0%B0%D1%81%D0%B0%D0%BD%D0%B0/master.m3u8,https://306db23b-28a8-4747-9e82-03c375b47fa8.selstorage.ru/png/%D0%9F%D0%B0%D1%80%D0%B8%D0%B3%D1%85%D0%B0%D1%81%D0%B0%D0%BD%D0%B0.png,"Принять положение сидя на пятках. Встать на колени и выпрямить левую ногу в сторону в одну линию с корпусом. Стопа стоит на полу примерно под 45 градусов. Поднять правую руку вверх и медленно начать наклоняться влево, по возможности сохраняя туловище и левую ногу в одной плоскости. Левая рука при этом движется вдоль левой ноги к левой стопе (если хватает гибкости, то можно захватить стопу), а правая рука из-за головы также тянется к стопе левой ноги. Сгибание в основном происходит в тазобедренном суставе, минимально отклоняя таз назад. Как только появятся ощущения от сгибания корпуса (как в межрёберных мышцах, так и в задней поверхности левой ноги), приостановить наклон и начать расслабляться в асане. По мере расслабления тело может спонтанно «сползать» по форме влево, увеличивая глубину асаны. Время выдержки по ощущениям. После выдержки выйти из асаны и выполнить вправо в той же последовательности.","Пробовать наклоняться в одной плоскости, наклон выполнять в сторону, минимально отводя таз назад.","За счёт уменьшения глубины наклона

 "
Парипурна Навасана,https://306db23b-28a8-4747-9e82-03c375b47fa8.selstorage.ru/asanas/%D0%9F%D0%B0%D1%80%D0%B8%D0%BF%D1%83%D1%80%D0%BD%D0%B0%20%D0%9D%D0%B0%D0%B2%D0%B0%D1%81%D0%B0%D0%BD%D0%B0/master.m3u8,https://306db23b-28a8-4747-9e82-03c375b47fa8.selstorage.ru/png/%D0%9F%D0%B0%D1%80%D0%B8%D0%BF%D1%83%D1%80%D0%BD%D0%B0%20%D0%9D%D0%B0%D0%B2%D0%B0%D1%81%D0%B0%D0%BD%D0%B0.png,"Лечь на пол на спину. Приподнять над полом ноги, согнутые в коленях и корпус, оставаясь в положении равновесия на копчике. Угол между корпусом и бёдрами примерно прямой. Руки вытянуть перед собой. Закрыть глаза. Расслабить мышцы лица. Насколько позволяет конфигурация асаны, расслабить дыхание. Держать асану по ощущениям. Далее лечь на спину и расслабиться. Время расслабления должно быть достаточным для снятия остаточных ощущений от выдержки асаны. Далее переходить к следующей асане.

","Напряжение мышц живота должно находиться в умеренной зоне и быть относительно комфортным. 

","Более легкий вариант этой асаны – Ардха Наванасана (см. каталог)

"
Парсвоттанасана,https://306db23b-28a8-4747-9e82-03c375b47fa8.selstorage.ru/asanas/%D0%9F%D0%B0%D1%80%D1%81%D0%B2%D0%BE%D1%82%D1%82%D0%B0%D0%BD%D0%B0%D1%81%D0%B0%D0%BD%D0%B0/master.m3u8,https://306db23b-28a8-4747-9e82-03c375b47fa8.selstorage.ru/png/%D0%9F%D0%B0%D1%80%D1%81%D0%B2%D0%BE%D1%82%D1%82%D0%B0%D0%BD%D0%B0%D1%81%D0%B0%D0%BD%D0%B0.png,"Исходное положение стоя, ноги на ширине плеч. Развести ноги на расстояние две ширины плеч. Левую стопу развернуть влево на 90 градусов, правую довернуть также влево градусов на 45 – 60. Плечи также развернуть влево перпендикулярно линии ног. Сложить руки за спиной, соединив ладони вместе. Далее, сложенные ладони развернуть пальцами вверх и продвинуть их вверх в область между лопаток. Запрокинуть голову назад и немного прогнуться назад в грудном отделе позвоночника. На некоторое время зафиксировать это положение.

Далее, выполните наклон вперед к левой ноге и оставайтесь в этом положении комфортное время. Дыхание расслаблено. Мышцы спины также расслаблены. По завершению вернитесь в исходное положение и выполните асану в той же последовательности вправо.

Особенности выполнения: В наклоне вперед по мере расслабления корпус будет спонтанно проседать в асане, в пределе полностью опускаться на впереди стоящую ногу.","В наклоне вперед по мере расслабления корпус будет спонтанно проседать в асане, в пределе полностью опускаться на впереди стоящую ногу.","Если сложно сложить руки ладонями вместе, развернуть их вверх и продвинуть между лопаток, то можно захватить руки в кистевой или локтевой замок и выполнять асану в таком положении.

При наклоне вперед допустимо несколько подсгибать впереди стоящую ногу. Если воздействие асаны на заднюю поверхность впереди стоящей ноги очень сильное, то можно убрать руки из-за спины, поставить их перед собой по обеим сторонам от ноги и упереться ими в пол. Тем самым можно будет разгрузить ногу, снять лишнее напряжение, перераспределив нагрузку. Под руки можно подставить кирпичики или любую другую опору, если они (руки) не достают до пола."
Пасчимоттанасана,https://306db23b-28a8-4747-9e82-03c375b47fa8.selstorage.ru/asanas/%D0%9F%D0%B0%D1%81%D1%87%D0%B8%D0%BC%D0%BE%D1%82%D1%82%D0%B0%D0%BD%D0%B0%D1%81%D0%B0%D0%BD%D0%B0/master.m3u8,https://306db23b-28a8-4747-9e82-03c375b47fa8.selstorage.ru/png/%D0%9F%D0%B0%D1%81%D1%87%D0%B8%D0%BC%D0%BE%D1%82%D1%82%D0%B0%D0%BD%D0%B0%D1%81%D0%B0%D0%BD%D0%B0.png,"Сесть, выпрямив ноги перед собой. Начать наклон корпуса вперёд к выпрямленным ногам. Старайтесь наклоняться, не сильно сгибая и ссутуливая спину так, чтобы по мере наклона живот опускался на бёдра, грудная клетка опускалась к коленям, а голова зависала над голенью. Ноги не обязательно держать жёстковыпрямленными, а можно подсгибать в коленях, тем самым, облегчая наклон и увеличивая угол наклона корпуса к ногам. Руками захватываем пальцы ног, либо обхватываем стопы пальцами рук, сложенными в пальцевой замок, либо захватываем лодыжки. По мере выдержки асаны расслабляем, прежде всего, подколенные области и заднюю поверхность бедер, при этом корпус может ощутимо проседать вниз, и глубина асаны тем самым будет спонтанно увеличиваться. В конечной фазе асаны, когда глубина полностью выбрана и прекратилось спонтанное движение тела по форме, максимально расслабиться, отпустить глаза в глубине и созерцать естественное дыхание. Время выдержки по ощущениям, примерно от 3-х до 5-ти минут.","По возможности складываться, в основном, проворачиваясь в тазобедренных суставах и не сильно сгибая спину.","Допускается подсгибать ноги в коленях во время наклона. Если угол наклона корпуса к ногам более 90 градусов, то следует сначала освоить на хорошем уровне Уттанасану прежде, чем приступать к выполнению Пасчимоттанасаны."
Саитхалиасана,https://306db23b-28a8-4747-9e82-03c375b47fa8.selstorage.ru/asanas/%D0%A1%D0%B0%D0%B8%D1%82%D1%85%D0%B0%D0%BB%D0%B8%D0%B0%D1%81%D0%B0%D0%BD%D0%B0/master.m3u8,https://306db23b-28a8-4747-9e82-03c375b47fa8.selstorage.ru/png/%D0%A1%D0%B0%D0%B8%D1%82%D1%85%D0%B0%D0%BB%D0%B8%D0%B0%D1%81%D0%B0%D0%BD%D0%B0.png,"Сесть на пол, выпрямить ноги перед собой, разведя их в стороны. Сгибая левую ногу в колене, подтянуть левую пятку к промежности. Бедро левой ноги лежит на полу. Правую ногу завести назад, согнув в колене, пятка правой ноги располагается с внешней стороны бедра. Развести бёдра максимально широко, насколько позволяет гибкость тазобедренных суставов, но без болевых ощущений. Медленно опуститься туловищем на левое бедро так, чтобы центр грудной клетки был над коленом. Руки вытянуты перед собой и лежат на полу. Левая рука может сохранять небольшое усилие, чтобы корпус не съезжал с ноги на пол. Шея расслаблена. Глаза закрыты. Всё тело максимально расслаблено. Время выдержки по ощущениям, но более 3-х минут держать не целесообразно. Далее выйти из асаны, выпрямив корпус и вытянув ноги перед собой. После выполнения асаны влево, можно переходить к выполнению вправо без промежуточного расслабления.

","Эта асана на расслабление, поэтому, важно полностью снять телесное усилие, максимально расслабиться.

","Во время наклона корпуса вперёд, можно не до конца наклонять туловище, опуская его на бедро (если при большей амплитуде возникают неприятные ощущения), а остаться в промежуточном положении, фиксируя глубину наклона руками.

"
Сарвангасана,https://306db23b-28a8-4747-9e82-03c375b47fa8.selstorage.ru/asanas/%D0%A1%D0%B0%D1%80%D0%B2%D0%B0%D0%BD%D0%B3%D0%B0%D1%81%D0%B0%D0%BD%D0%B0/master.m3u8,https://306db23b-28a8-4747-9e82-03c375b47fa8.selstorage.ru/png/%D0%A1%D0%B0%D1%80%D0%B2%D0%B0%D0%BD%D0%B3%D0%B0%D1%81%D0%B0%D0%BD%D0%B0.png,"Лечь на спину. Подложите сложенное одеяло так, чтобы его край был на уровне шеи, а все остальное одеяло было бы под областью плеч и лопаток. Одеяло образует некий перепад высот: голова находится на полу, шея на перепаде высот, а плечи и лопатки на возвышении. Толкаясь руками от пола, поднимите ноги вверх, далее следуя движению, вслед за ногами поднимите вверх корпус. Ноги при этом выходят вверх. Упираемся руками в туловище в область спины ниже лопаток. Ноги и туловище образуют одну вертикальную линию (или некое приближение к этому). Шея разгружена, вес тела на области лопаток и верхней части спины. Ноги выпрямлены не жёстко. Они должны быть несколько смягчены, расслаблены, носочки не оттягивать. Допускается немного подсгибать ноги в коленях. Глаза закрыть. Расслабить дыхание. Время выдержки по ощущениям. Далее выйти из асаны и расслабиться в Шавасане.","Очень важно отслеживать нагрузку в асане. Шейный отдел позвоночника не должен нести нагрузку. Для этого делается подкладка-уступ, чтобы разгрузить шею. Время выдержки на первых этапах освоения не должно превышать 30 секунд. По мере освоения время будет увеличиваться. Также на начальных этапах освоения можно использовать ремешок, завязанный на ширину плеч. В это образовавшееся кольцо надо сзади продеть руки, завести ремешок до уровня локтей, и в таком положении выполнять асану. Ремешок будет фиксировать локти, не давая возможности им разъезжаться в стороны. При таком варианте исполнения вам будет легче расслабиться.","Можно использовать ремешок (см. описание выше). Если строго вертикальное положение корпуса и ног вызывает перенапряжение, то можно немного заводить ноги вперёд, как бы слегка зависая ими над головой (но угол отклонения от вертикали совсем небольшой), тем самым можно снять лишнее напряжения с области плеч и рук."
Сарпасана,https://306db23b-28a8-4747-9e82-03c375b47fa8.selstorage.ru/asanas/%D0%A1%D0%B0%D1%80%D0%BF%D0%B0%D1%81%D0%B0%D0%BD%D0%B0/master.m3u8,https://306db23b-28a8-4747-9e82-03c375b47fa8.selstorage.ru/png/%D0%A1%D0%B0%D1%80%D0%BF%D0%B0%D1%81%D0%B0%D0%BD%D0%B0.png,"Лечь на пол на живот, руки убрать за спину. Приподнимая корпус и ноги над полом а счёт мышц спины, ягодиц и задней поверхности ног, прогибаемся назад. В конечном положении мягко запрокидываем голову, выдвигая подбородок немного вперёд и растягивая переднюю поверхность шеи. Напряжение мышц очень умеренное, оно должно быть «фоновым» и не мешать общему расслаблению. Расслабить живот, мышцы лица и расслабить дыхание. Глаза закрыты. Время выдержки по ощущениям. Далее лечь на живот и расслабиться, вытянув одну руку вперёд и развернув лицо в сторону вытянутой руки. Время расслабления должно быть достаточным для снятия остаточных ощущений от выдержки асаны. Далее переходить к следующей асане.

","Данная асана «силовая», но в ней мышцы напряжены, работают по минимуму. Напряжение, усилие в асане не явное, сглаженное. Уделять особое внимание расслаблению лица, живота и дыхания в этой асане.

","В качестве более простого варианта можно приподнимать над полом только туловище и голову, оставляя при этом ноги лежать на полу и сохраняя полное расслабление ягодиц и мышц задней поверхности ног.

"
Сетуасана,https://306db23b-28a8-4747-9e82-03c375b47fa8.selstorage.ru/png/%D0%A3%D1%82%D0%BA%D0%B0%D1%82%D0%B0%D1%81%D0%B0%D0%BD%D0%B0.png,https://306db23b-28a8-4747-9e82-03c375b47fa8.selstorage.ru/png/%D0%A1%D0%B5%D1%82%D1%83%D0%B0%D1%81%D0%B0%D0%BD%D0%B0.png,"Сесть, выпрямив ноги перед собой. Поставить ладони рук с развернутыми назад пальцами на пол на расстояние примерно в 40 сантиметров от ягодиц. Расстояние между ладонями примерно равно ширине плеч. Далее, упираясь руками в пол, прогибаемся назад, выводя таз вверх, при этом ступни опускаются к полу. В конечном положении запрокидываем голову назад. Удерживаем это положение комфортное время. Далее опускаем таз, садимся и переходим в исходное положение.","в этой асане присутствует силовой компонент, поэтому, в конечном положении максимально расслабляем дыхание и минимизируем усилия, оставляя лишь тот необходимый минимум, чтобы форма асаны сохранялась. Шею максимально расслабляем во время выдержки.",": Делать менее выраженный прогиб в спине.

 "
Урдхва Прасарита Падасана,https://306db23b-28a8-4747-9e82-03c375b47fa8.selstorage.ru/png/%D0%A3%D1%82%D0%BA%D0%B0%D1%82%D0%B0%D1%81%D0%B0%D0%BD%D0%B0.png,https://306db23b-28a8-4747-9e82-03c375b47fa8.selstorage.ru/png/%D0%A3%D1%80%D0%B4%D1%85%D0%B2%D0%B0%20%D0%9F%D1%80%D0%B0%D1%81%D0%B0%D1%80%D0%B8%D1%82%D0%B0%20%D0%9F%D0%B0%D0%B4%D0%B0%D1%81%D0%B0%D0%BD%D0%B0.png,"Лечь на спину, выпрямив ноги. Руки опустить вдоль тела, ладони развернуты к полу. Упираясь ладонями в пол, поднять ноги вверх на 90 градусов. Из этого положения опустить ноги примерно на 60 градусов к полу и держать так некоторое время. Далее, опустить ноги на 30 градусов к полу и также удерживать ноги в этом положении некоторое время. После выполнения опустить ноги на пол и расслабиться.","Эта асана с силовым компонентом. Во время выдержки стараться расслаблять дыхание и мимические мышцы лица, уводить напряжение на дальний план восприятия. Время выдержки диктуется относительным комфортом в асане и отсутствием сильного напряжения.","При подъеме ног можно их несколько сгибать в коленях и держать в таком состоянии во время выполнения каждого этапа асаны.

 "
Уткатасана,https://306db23b-28a8-4747-9e82-03c375b47fa8.selstorage.ru/asanas/%D0%A3%D1%82%D0%BA%D0%B0%D1%82%D0%B0%D1%81%D0%B0%D0%BD%D0%B0/master.m3u8,https://306db23b-28a8-4747-9e82-03c375b47fa8.selstorage.ru/png/%D0%A3%D1%82%D0%BA%D0%B0%D1%82%D0%B0%D1%81%D0%B0%D0%BD%D0%B0.png,"Встать на ноги и свести стопы вместе.  Руки поднять над головой, выпрямить и сложить ладони. Сгибая ноги в коленях присесть так, чтобы пятки не отрывались от пола. Глубина приседа и, как следствие, нагрузка от асаны не должна вызывать перенапряжения мышц, её надо подобрать под свой уровень по ощущениям. Держим асану до тех пор, пока напряжение не начнёт нарастать и переходить в разряд явных. Затем выйти из асаны и расслабиться необходимое для снятия остаточного напряжения время. 

","Можно также практиковать слегка соприкасаясь рукой со стеной. 


","Уменьшить глубину приседа. Если положение выпрямленных вверх рук вызывает дискомфорт, то опустить их вдоль тела. "
Уттанасана,https://306db23b-28a8-4747-9e82-03c375b47fa8.selstorage.ru/asanas/%D0%A3%D1%82%D1%82%D0%B0%D0%BD%D0%B0%D1%81%D0%B0%D0%BD%D0%B0/master.m3u8,https://306db23b-28a8-4747-9e82-03c375b47fa8.selstorage.ru/png/%D0%A3%D1%82%D1%82%D0%B0%D0%BD%D0%B0%D1%81%D0%B0%D0%BD%D0%B0.png,"Встать, расставив ноги на ширину плеч.  Начинаем медленный наклон вперёд с прямой спиной, скользя руками по бёдрам. Как только в ногах или спине появляется ощущение натяжения, останавливаем движение вниз, немного уменьшаем амплитуду наклона, чтобы ощущения перешли в разряд едва заметных и остаёмся в этом положении некоторое время. Голова немного запрокинута назад, передняя поверхность шеи немного растянута. Живот расслаблен. Постояв таким образом некоторое время (примерно минуту), расслабляем спину и опускаем корпус вниз, как бы вывешивая его на ногах.

При этом ноги могут оставаться прямыми или слегка подсогнутыми в коленях. Шея расслаблена, голова свободно свисает вниз. Руки также свободно повисают вниз либо свисают в локтевом замке. Глаза закрыты. Дыхание расслаблено. По мере расслабления, туловище может под действием силы тяжести немного провисать вниз глубже. Таким образом, гибкость повышается спонтанно, за счёт расслабления.

Стоим в таком положении комфортное время.

Как только возникает дискомфорт, чувствуется явный прилив крови к лицу, увеличение напряжения и пр. – выходим из асаны, выпрямляя корпус и стоим, расслабляемся до тех пор, пока в теле не исчезнут остаточные ощущения от выполненной асаны.

","Людям с повышенным давлением следует оставаться только в первой стадии выполнения асаны, когда корпус прямой и уровень головы выше положения таза.

","В наклоне вперёд можно руки ставить на стул и далее, наклоняясь вперёд, контролировать степень воздействия асаны, сгибая руки до нужного предела."
Уттхита Парсваконасана,https://306db23b-28a8-4747-9e82-03c375b47fa8.selstorage.ru/asanas/%D0%A3%D1%82%D1%82%D1%85%D0%B8%D1%82%D0%B0%20%D0%9F%D0%B0%D1%80%D1%81%D0%B2%D0%B0%D0%BA%D0%BE%D0%BD%D0%B0%D1%81%D0%B0%D0%BD%D0%B0/master.m3u8,https://306db23b-28a8-4747-9e82-03c375b47fa8.selstorage.ru/png/%D0%A3%D1%82%D1%82%D1%85%D0%B8%D1%82%D0%B0%20%D0%9F%D0%B0%D1%80%D1%81%D0%B2%D0%B0%D0%BA%D0%BE%D0%BD%D0%B0%D1%81%D0%B0%D0%BD%D0%B0.png,"Вход в асану. Поворачиваем стопу  левой  ноги на 90 градусов влево, а правую стопу доворачиваем влево примерно на 45 – 60 градусов. Сгибаем левую ногу в колене примерно на 90 градусов, наклоняем корпус к бедру левой ноги и ставим левую руку на пол с внешней стороны левой ноги. Пальцы левой руки и левой ноги примерно на одном уровне. Правую руку выводим в сторону - вверх, она является продолжением линии нога – корпус. Лицо развёрнуто вверх. Шея – продолжение линии позвоночника. Вес тела распределяем удобно между опорной рукой и опорной ногой. Дыхание расслаблено. Время выдержки по ощущениям. Выходим в обратной последовательности и стоим, отдыхаем необходимое время, чтобы вся нагрузка от асаны стёрлась. Далее выполняем асану вправо.

","Выполнять лучше у стены, стоя спиной к стене, во время наклона соприкасаться со стеной спиной, ягодицей и головой и тыльной поверхностью правой руки.

","В качестве опоры под руку использовать пропс-подставку (кирпичик). Во время выполнения руку, вытянутую вверх, если это положение вызывает дискомфорт, можно убрать за спину и расслабить плечо. 

 "
Уттхита Триконасана,https://306db23b-28a8-4747-9e82-03c375b47fa8.selstorage.ru/asanas/%D0%A3%D1%82%D1%82%D1%85%D0%B8%D1%82%D0%B0%20%D0%A2%D1%80%D0%B8%D0%BA%D0%BE%D0%BD%D0%B0%D1%81%D0%B0%D0%BD%D0%B0/master.m3u8,https://306db23b-28a8-4747-9e82-03c375b47fa8.selstorage.ru/png/%D0%A3%D1%82%D1%82%D1%85%D0%B8%D1%82%D0%B0%20%D0%A2%D1%80%D0%B8%D0%BA%D0%BE%D0%BD%D0%B0%D1%81%D0%B0%D0%BD%D0%B0.png,"Асана выполняется стоя.
Исходное положение - Стоя, развести ноги на ширину примерно две ширины плеч. Пятки стоят на одной линии.
Вход в асану. Поворачиваем стопу  левой  ноги на 90 градусов влево, а правую стопу доворачиваем влево примерно на 45 – 60 градусов. Далее наклоняемся корпусом влево скользя левой рукой по левой ноге. Наклоняемся до начала возникновения ощущения натяжения в левой ноге либо ощущения натяжения в левом боку. Правая рука вытягивается вверх. Лицо обращено вверх. Шея – продолжение линии позвоночника.
Выдержка асаны по ощущениям согласно технологии. После выполнения выйти из асаны в обратной последовательности и расслабиться стоя, ноги на ширине плеч. Время расслабления между выполнением асаны в левую и в правую сторону должно быть таким, чтобы стёрлись все ощущения от предыдущей асаны и уравновесилось дыхание. Далее выполнить в правую сторону.","Выполнять лучше у стены, стоя спиной к стене, во время наклона соприкасаться со стеной спиной, ягодицей и головой и тыльной поверхностью правой руки.","Во время выполнения подсгибать ногу, к которой идёт наклон, в качестве опоры под руку использовать пропс-подставку (кирпичик), руку, вытянутую вверх, если это положение вызывает дискомфорт, можно убрать за спину и расслабить плечо. "
Уштрасана,https://306db23b-28a8-4747-9e82-03c375b47fa8.selstorage.ru/asanas/%D0%A3%D1%88%D1%82%D1%80%D0%B0%D1%81%D0%B0%D0%BD%D0%B0/master.m3u8,https://306db23b-28a8-4747-9e82-03c375b47fa8.selstorage.ru/png/%D0%A3%D1%88%D1%82%D1%80%D0%B0%D1%81%D0%B0%D0%BD%D0%B0.png,"Сесть на пятки. Встать на колени и развести ноги на ширину плеч. Корпус прямо. Медленно отклоняясь назад и немного вправо, опустить правую ладонь на пятку правой ноги и упереться в неё. Далее, перенося вес тела на правую руку, продолжать прогибаться назад и поставить левую ладонь на левую пятку. Немного качнуть корпус вперёд, распределив нагрузку между бёдрами и руками. Голову запрокинуть. Расслабить лицо и дыхание. Глаза закрыты. Держать асану комфортное время.

Выход делать через левую руку: отрываем правую руку от пятки, перенося вес тела на левую руку, и далее следуя движению вперёд, выходим из асаны, садимся и расслабляемся.","В этой асане происходит достаточно сильный прогиб спины назад, поэтому, следует быть предельно внимательным с ощущениями, дабы избежать перегрузки и травмы.","В начале выполнения асаны можно ступни поставить на носочки, что облегчит выполнение конечного положения, т.к. прогиб в спине при таком выполнении будет уменьшен.

 "
Халасана,https://306db23b-28a8-4747-9e82-03c375b47fa8.selstorage.ru/asanas/%D0%A5%D0%B0%D0%BB%D0%B0%D1%81%D0%B0%D0%BD%D0%B0/master.m3u8,https://306db23b-28a8-4747-9e82-03c375b47fa8.selstorage.ru/png/%D0%A5%D0%B0%D0%BB%D0%B0%D1%81%D0%B0%D0%BD%D0%B0.png,"Лягте на спину. Подложите сложенное одеяло так, чтобы его край был на уровне шеи, а все остальное одеяло было бы под областью плеч и лопаток. Одеяло образует некий перепад высот: голова находится на полу, шея на перепаде высот, а плечи и лопатки на возвышении. Толкаясь руками от пола, поднимите ноги вверх, далее следуя движению, вслед за ногами поднимите корпус. Ноги, заводя далеко за голову, поставьте на пол. Колени могут быть слегка подсогнуты. Вес тела приходится на область лопаток и верх спины. Шея разгружена. Руки можно оставить лежащими вдоль линии тела либо сцепить в пальцевый замок и выпрямить. В таком варианте также воздействие будет происходить и на плечевой пояс. Глаза закрыты. Максимально расслабиться в асане. Расслабить дыхание. Время выдержки по ощущениям. Далее выйти из асаны и расслабиться в Шавасане.","Очень важно отслеживать нагрузку в асане. Шейный отдел позвоночника не должен нести нагрузку. Для этого делается подкладка-уступ, чтобы разгрузить шею. Время выдержки на первых этапах освоения не должно превышать 30 секунд. По мере освоения время будет увеличиваться.","В конечном положении, если ноги не достают до пола, то можно их поставить на предварительно сделанное возвышение: «кирпичики», стопка книг, табурет и т.п. Ноги ни в коем случае не должны оставаться на вису!"
Цикл лотосообразных асан,https://306db23b-28a8-4747-9e82-03c375b47fa8.selstorage.ru/asanas/%D0%A6%D0%B8%D0%BA%D0%BB%20%D0%BB%D0%BE%D1%82%D0%BE%D1%81%D0%BE%D0%BE%D0%B1%D1%80%D0%B0%D0%B7%D0%BD%D1%8B%D1%85%20%D0%B0%D1%81%D0%B0%D0%BD/master.m3u8,https://306db23b-28a8-4747-9e82-03c375b47fa8.selstorage.ru/png/%D0%A6%D0%B8%D0%BA%D0%BB%20%D0%BB%D0%BE%D1%82%D0%BE%D1%81%D0%BE%D0%BE%D0%B1%D1%80%D0%B0%D0%B7%D0%BD%D1%8B%D1%85%20%D0%B0%D1%81%D0%B0%D0%BD.png,"Сесть на пол в Ардха Падмасану. Из этого положения, немного развернув корпус влево, начать наклон вперёд к левому колену (грудная клетка над коленом). Спина при этом может несколько скругляться. Руки на начальном этапе освоения могут упираться в пол перед собой, тем самым можно осуществлять дозировку воздействия асаны на тело, - глубину наклона. Находиться в асане по ощущениям. По мере расслабления корпус может несколько «проседать», углубляя угол наклона. После выдержки асаны выпрямить спину и выполнить наклон, не меняя положения ног, в правую сторону к правому колену. По завершению выдержки асаны, выпрямить корпус, выпрямить ноги перед собой и, поменяв взаимное положение ног, сделать ещё раз эту асану в том же порядке, что было описано выше. После завершения цикла можно, выпрямив ноги, откинуться назад на руки и поседеть в этом положении, сняв нагрузку с ног."," По мере освоения асаны и лёгкости выполнения, руки можно складывать за спиной в кистевой замок и выполнять наклон в таком положении. Этот цикл способствует освоению «лотосообразных» асан, осуществляя необходимое для этого воздействие на нижние конечности. Быть предельно внимательным в отношении силы воздействия (ощущений) в области коленей во время выполнения!","Если положение Ардха Падмасаны вызывает затруднения, то исходное положение можно принимать, садясь в Сукхасану («по-турецки» со скрещенными ногами)"
Чакрасана,https://306db23b-28a8-4747-9e82-03c375b47fa8.selstorage.ru/asanas/%D0%A7%D0%B0%D0%BA%D1%80%D0%B0%D1%81%D0%B0%D0%BD%D0%B0/master.m3u8,https://306db23b-28a8-4747-9e82-03c375b47fa8.selstorage.ru/png/%D0%A7%D0%B0%D0%BA%D1%80%D0%B0%D1%81%D0%B0%D0%BD%D0%B0.png,"Лечь на спину, выпрямив ноги. Согнуть ноги в коленях, подвести пятки к ягодицам, колени смотрят вверх. Захватить руками лодыжки. Удерживая руками захват ног, прогибаемся назад в пояснице, выводя таз вверх. Остаемся в этом положении некоторое время. Это – Ардха Чакрасана, поза полуколеса.

Далее, снимаем захват ног руками, сохраняя при этом положение прогиба корпуса, и ставим ладони рук на пол возле ушей. Выпрямляя руки и ноги до определённой степени, прогибаемся назад и выходим в положение «гимнастического мостика». Это – Чакрасана («поза колеса»). Время выдержки по ощущениям. В конечном положении расслабляем лицо и дыхание. После выдержки медленно ложимся на пол и расслабляемся.","Выполнение этой асаны требует хорошей гибкости позвоночника. Если Вы чувствуете затруднения при её выполнении, то, на некоторое время, следует перейти к практике более простых прогибов (Бхуджангасана, Дханурасана). После совершенствования в этих асанах можно будет вновь вернуться к освоению Чакрасаны.","На первых этапах освоения можно оставаться в положении Ардха Чакрасаны всё время выдержки.

 "
Чатуранга Дандасана,https://306db23b-28a8-4747-9e82-03c375b47fa8.selstorage.ru/asanas/%D0%A7%D0%B0%D1%82%D1%83%D1%80%D0%B0%D0%BD%D0%B3%D0%B0%20%D0%94%D0%B0%D0%BD%D0%B4%D0%B0%D1%81%D0%B0%D0%BD%D0%B0/master.m3u8,https://306db23b-28a8-4747-9e82-03c375b47fa8.selstorage.ru/png/%D0%A7%D0%B0%D1%82%D1%83%D1%80%D0%B0%D0%BD%D0%B3%D0%B0%20%D0%94%D0%B0%D0%BD%D0%B4%D0%B0%D1%81%D0%B0%D0%BD%D0%B0.png,],"Эта асана с явно выраженным силовым компонентом. Во время выполнения стараться снимать лишнее усилие, оставляя только необходимый минимум для поддержания формы асаны. Таким образом, напряжение будет минимально представлено в восприятии, что позволит сохранять общее состояние покоя.","Если сложно выполнить конечное положение асаны, то можно оставаться в упоре в пол с прямыми руками. Если же и это положение окажется сложным, то допустимо сгибать ноги в коленях и ставить их также в упор на пол. При таком варианте исполнения часть нагрузки с области рук будет снята, что позволит без труда выдерживать асану некоторое время.

 "
Шавасана 1,https://306db23b-28a8-4747-9e82-03c375b47fa8.selstorage.ru/asanas/%D0%A8%D0%B0%D0%B2%D0%B0%D1%81%D0%B0%D0%BD%D0%B0%201/master.m3u8,https://306db23b-28a8-4747-9e82-03c375b47fa8.selstorage.ru/png/%D0%A8%D0%B0%D0%B2%D0%B0%D1%81%D0%B0%D0%BD%D0%B0%201.png,"Лечь на пол на спину. Ноги развести на ширину плеч. Руки немного развести в стороны и развернуть их ладонями вверх (если это не вызывает дискомфорта). Закрыть глаза и полностью расслабиться, слушая команды по расслаблению, либо самостоятельно проводя внимание по телу в определённой последовательности и снимая напряжение. При качественном расслаблении возникает необычное состояние – между сном и бодрствованием, которое является ключом как к исцелению от болезней, так и к различным высшим переживаниям.

","Эта асана для очень глубокого расслабления, поэтому, важно научиться находиться в ней максимально комфортно и длительное время. 

","если выполнение асаны по той или иной причине невозможно лёжа на спине, то возможны варианты выполнения либо лёжа на животе, либо сидя в кресле, комфортно откинувшись на спинку. 
 "
Шавасана 2,https://306db23b-28a8-4747-9e82-03c375b47fa8.selstorage.ru/asanas/%D0%A8%D0%B0%D0%B2%D0%B0%D1%81%D0%B0%D0%BD%D0%B0%202/master.m3u8,https://306db23b-28a8-4747-9e82-03c375b47fa8.selstorage.ru/png/%D0%A8%D0%B0%D0%B2%D0%B0%D1%81%D0%B0%D0%BD%D0%B0%202.png,"Лечь на пол на спину. Ноги развести на ширину плеч. Руки немного развести в стороны и развернуть их ладонями вверх (если это не вызывает дискомфорта). Закрыть глаза и полностью расслабиться, слушая команды по расслаблению, либо самостоятельно проводя внимание по телу в определённой последовательности и снимая напряжение. При качественном расслаблении возникает необычное состояние – между сном и бодрствованием, которое является ключом как к исцелению от болезней, так и к различным высшим переживаниям.

","Эта асана для очень глубокого расслабления, поэтому, важно научиться находиться в ней максимально комфортно и длительное время. 

","если выполнение асаны по той или иной причине невозможно лёжа на спине, то возможны варианты выполнения либо лёжа на животе, либо сидя в кресле, комфортно откинувшись на спинку. 
 "
Шалабхасана,https://306db23b-28a8-4747-9e82-03c375b47fa8.selstorage.ru/asanas/%D0%A8%D0%B0%D0%BB%D0%B0%D0%B1%D1%85%D0%B0%D1%81%D0%B0%D0%BD%D0%B0/master.m3u8,https://306db23b-28a8-4747-9e82-03c375b47fa8.selstorage.ru/png/%D0%A8%D0%B0%D0%BB%D0%B0%D0%B1%D1%85%D0%B0%D1%81%D0%B0%D0%BD%D0%B0.png,"Лечь на живот, выпрямив ноги, руки выпрямить вдоль туловища. Подбородок поставить на пол. Немного покачиваясь корпусом вправо-влево, задвигаем руки под туловище ладонями вверх, сводя как можно ближе друг к другу локти. Ступни соединяем вместе, пятки смотрят вверх. Сжимаем ладони и пальцы рук в кулаки. Из этого положения медленно поднимаем обе ноги вверх, отрывая бёдра от пола. Руки работают как некие рычаги. При этом задняя поверхность бёдер, ягодицы, и мышцы спины умеренно напрягаются. Удерживаем это положение комфортное время, расслабляя лицо, живот и дыхание. Время выдержки по ощущениям. После выдержки вернуться в исходное положение и расслабиться.","В этой асане присутствует силовой компонент, поэтому, в конечном положении пробуем минимизировать усилия, тем самым, отводя их на задний план восприятия.","Если подъём обеих ног вызывает затруднение, то можно выполнять эту асану, поднимая ноги поочерёдно: сначала левую, а затем, опустив левую, поднять правую. Время выдержки конечного положения по ощущениям.

 "
Шашанкасана,https://306db23b-28a8-4747-9e82-03c375b47fa8.selstorage.ru/asanas/%D0%A8%D0%B0%D1%88%D0%B0%D0%BD%D0%BA%D0%B0%D1%81%D0%B0%D0%BD%D0%B0/master.m3u8,https://306db23b-28a8-4747-9e82-03c375b47fa8.selstorage.ru/png/%D0%A8%D0%B0%D1%88%D0%B0%D0%BD%D0%BA%D0%B0%D1%81%D0%B0%D0%BD%D0%B0.png,"Сесть на пол на пятки, ноги сведены вместе. Выполнить наклон вперёд, опуская туловище на бёдра и колени. Руки вытянуть перед собой и положить на пол ладонями вниз. Расслабить шею. Последовательно расслабить все мышцы и всё тело целиком. Глаза закрыты. Дыхание естественное. Время выдержки по ощущениям, но не более 3-х минут. Далее выйти из асаны, выпрямив туловище вертикально вверх и переходить к выполнению следующей асаны. 

","В этой асане максимально расслабляются все мышцы.

","Если возникает дискомфорт в области живота при наклоне корпуса вперёд и надавливании бёдер на живот, то можно развести колени в стороны, тем самым исключив сильное воздействие на внутренние органы. Также можно ограничить наклон вперёд при необходимости за счёт упора рук в пол перед собой.
 

"
Ширшасана,https://306db23b-28a8-4747-9e82-03c375b47fa8.selstorage.ru/asanas/%D0%A8%D0%B8%D1%80%D1%88%D0%B0%D1%81%D0%B0%D0%BD%D0%B0/master.m3u8,https://306db23b-28a8-4747-9e82-03c375b47fa8.selstorage.ru/png/%D0%A8%D0%B8%D1%80%D1%88%D0%B0%D1%81%D0%B0%D0%BD%D0%B0.png,"Сесть на пол, на пятки. Наклониться вперёд и поставить руки перед собой на предплечья так, чтобы локти были на ширине плеч, а руки сцепить в пальцевый замок. Поставить голову на пол рядом с руками на область на голове, расположенную на 4 пальца к макушке от начала волос, и обхватить руками, сложенными в пальцевый замок. Таким образом, локти и голова образуют равносторонний треугольник.

Выпрямить ноги, выводя таз вверх, и в этом положении немного приблизить ступни к голове. Это начальное положение Ширшасаны.

Далее толкнуться одной ногой от пола, делая замах другой и вывести корпус в вертикальное положение, пытаясь поймать равновесие. Ноги при этом согнуты в коленях. Когда тело уравновесилось, то можно медленно выпрямлять ноги и оставаться в этом положении. Глаза закрыты. Дыхание расслаблено. Время выдержки по ощущениям. Далее выйти из асаны и расслабиться в Шавасане.","На начальном этапе лучше эту асану выполнять у стены (на небольшом расстоянии от неё), чтобы в случае потери равновесия предотвратить падение назад на спину.","на первом этапе можно выполнять только предварительный вариант (начальное положение).

 

"